<wpml-config>
    <custom-types>
        <custom-type translate="0">etheme_framework</custom-type>
        <custom-type translate="1">etheme_portfolio</custom-type>
        <custom-type translate="1">testimonial</custom-type>
    </custom-types>   
    <taxonomies>
        <taxonomy translate="1">categories</taxonomy>
        <taxonomy translate="1">testimonial-category</taxonomy>
        <taxonomy translate="1">tag</taxonomy>
    </taxonomies>      
    <admin-texts>
        <key name="option_tree">
             <key name="product_bage_banner"/>
             <key name="empty_cart_content"/>
             <key name="custom_tab_title"/>
             <key name="right_click_html"/>
             <key name="pp_content"/>
             <key name="custom_tab"/>
             <key name="logo_fixed"/>
             <key name="logo"/>
        </key>
    </admin-texts>
</wpml-config>