[{"created_at":"Wed Jun 17 12:56:53 +0000 2015","id":611155552954134528,"id_str":"611155552954134528","text":"@andrewzap Sorry, what do you mean by this message?","source":"<a href=\"http:\/\/twitter.com\" rel=\"nofollow\">Twitter Web Client<\/a>","truncated":false,"in_reply_to_status_id":611023956775059456,"in_reply_to_status_id_str":"611023956775059456","in_reply_to_user_id":29146849,"in_reply_to_user_id_str":"29146849","in_reply_to_screen_name":"andrewzap","user":{"id":435115014,"id_str":"435115014","name":"8theme","screen_name":"8theme","location":"London","description":"Welcome to 8theme. We are a team of designers and developers that create high quality WordPress themes and provide premium support to our products.","url":"http:\/\/t.co\/cjIosHxdUi","entities":{"url":{"urls":[{"url":"http:\/\/t.co\/cjIosHxdUi","expanded_url":"http:\/\/8theme.com","display_url":"8theme.com","indices":[0,22]}]},"description":{"urls":[]}},"protected":false,"followers_count":1512,"friends_count":2001,"listed_count":31,"created_at":"Mon Dec 12 17:56:27 +0000 2011","favourites_count":17084,"utc_offset":3600,"time_zone":"London","geo_enabled":false,"verified":false,"statuses_count":258,"lang":"ru","contributors_enabled":false,"is_translator":false,"is_translation_enabled":false,"profile_background_color":"FFFFFF","profile_background_image_url":"http:\/\/pbs.twimg.com\/profile_background_images\/558244463982555140\/qMs76M_I.jpeg","profile_background_image_url_https":"https:\/\/pbs.twimg.com\/profile_background_images\/558244463982555140\/qMs76M_I.jpeg","profile_background_tile":false,"profile_image_url":"http:\/\/pbs.twimg.com\/profile_images\/1729590460\/logo9_normal.jpg","profile_image_url_https":"https:\/\/pbs.twimg.com\/profile_images\/1729590460\/logo9_normal.jpg","profile_banner_url":"https:\/\/pbs.twimg.com\/profile_banners\/435115014\/1421930976","profile_link_color":"049BD1","profile_sidebar_border_color":"C0DEED","profile_sidebar_fill_color":"DDEEF6","profile_text_color":"333333","profile_use_background_image":true,"default_profile":false,"default_profile_image":false,"following":false,"follow_request_sent":false,"notifications":false},"geo":null,"coordinates":null,"place":null,"contributors":null,"is_quote_status":false,"retweet_count":0,"favorite_count":0,"entities":{"hashtags":[],"symbols":[],"user_mentions":[{"screen_name":"andrewzap","name":"AndrewZap","id":29146849,"id_str":"29146849","indices":[0,10]}],"urls":[]},"favorited":false,"retweeted":false,"lang":"en"},{"created_at":"Wed Jun 17 07:34:44 +0000 2015","id":611074480966901760,"id_str":"611074480966901760","text":"@andrewzap Please, enter our Forum http:\/\/t.co\/RFeBz4UX8h and submit a topic.","source":"<a href=\"http:\/\/twitter.com\" rel=\"nofollow\">Twitter Web Client<\/a>","truncated":false,"in_reply_to_status_id":611023850252337152,"in_reply_to_status_id_str":"611023850252337152","in_reply_to_user_id":29146849,"in_reply_to_user_id_str":"29146849","in_reply_to_screen_name":"andrewzap","user":{"id":435115014,"id_str":"435115014","name":"8theme","screen_name":"8theme","location":"London","description":"Welcome to 8theme. We are a team of designers and developers that create high quality WordPress themes and provide premium support to our products.","url":"http:\/\/t.co\/cjIosHxdUi","entities":{"url":{"urls":[{"url":"http:\/\/t.co\/cjIosHxdUi","expanded_url":"http:\/\/8theme.com","display_url":"8theme.com","indices":[0,22]}]},"description":{"urls":[]}},"protected":false,"followers_count":1512,"friends_count":2001,"listed_count":31,"created_at":"Mon Dec 12 17:56:27 +0000 2011","favourites_count":17084,"utc_offset":3600,"time_zone":"London","geo_enabled":false,"verified":false,"statuses_count":258,"lang":"ru","contributors_enabled":false,"is_translator":false,"is_translation_enabled":false,"profile_background_color":"FFFFFF","profile_background_image_url":"http:\/\/pbs.twimg.com\/profile_background_images\/558244463982555140\/qMs76M_I.jpeg","profile_background_image_url_https":"https:\/\/pbs.twimg.com\/profile_background_images\/558244463982555140\/qMs76M_I.jpeg","profile_background_tile":false,"profile_image_url":"http:\/\/pbs.twimg.com\/profile_images\/1729590460\/logo9_normal.jpg","profile_image_url_https":"https:\/\/pbs.twimg.com\/profile_images\/1729590460\/logo9_normal.jpg","profile_banner_url":"https:\/\/pbs.twimg.com\/profile_banners\/435115014\/1421930976","profile_link_color":"049BD1","profile_sidebar_border_color":"C0DEED","profile_sidebar_fill_color":"DDEEF6","profile_text_color":"333333","profile_use_background_image":true,"default_profile":false,"default_profile_image":false,"following":false,"follow_request_sent":false,"notifications":false},"geo":null,"coordinates":null,"place":null,"contributors":null,"is_quote_status":false,"retweet_count":0,"favorite_count":0,"entities":{"hashtags":[],"symbols":[],"user_mentions":[{"screen_name":"andrewzap","name":"AndrewZap","id":29146849,"id_str":"29146849","indices":[0,10]}],"urls":[{"url":"http:\/\/t.co\/RFeBz4UX8h","expanded_url":"http:\/\/www.8theme.com\/forums\/","display_url":"8theme.com\/forums\/","indices":[35,57]}]},"favorited":false,"retweeted":false,"possibly_sensitive":false,"lang":"en"}]