[{"created_at":"Fri Dec 04 08:59:51 +0000 2015","id":672701839507365888,"id_str":"672701839507365888","text":"CHECK OUT! How to Show Recent Comments in #WordPress Sidebar...\nhttps:\/\/t.co\/sr6yhdQtNR https:\/\/t.co\/DmuH3R5XuQ","source":"<a href=\"http:\/\/twitter.com\" rel=\"nofollow\">Twitter Web Client<\/a>","truncated":false,"in_reply_to_status_id":null,"in_reply_to_status_id_str":null,"in_reply_to_user_id":null,"in_reply_to_user_id_str":null,"in_reply_to_screen_name":null,"user":{"id":435115014,"id_str":"435115014","name":"8theme","screen_name":"8theme","location":"London","description":"Welcome to 8theme. We are a team of designers and developers that create high quality WordPress themes and provide premium support to our products.","url":"http:\/\/t.co\/cjIosHxdUi","entities":{"url":{"urls":[{"url":"http:\/\/t.co\/cjIosHxdUi","expanded_url":"http:\/\/8theme.com","display_url":"8theme.com","indices":[0,22]}]},"description":{"urls":[]}},"protected":false,"followers_count":1582,"friends_count":1986,"listed_count":39,"created_at":"Mon Dec 12 17:56:27 +0000 2011","favourites_count":16860,"utc_offset":0,"time_zone":"London","geo_enabled":false,"verified":false,"statuses_count":334,"lang":"ru","contributors_enabled":false,"is_translator":false,"is_translation_enabled":false,"profile_background_color":"FFFFFF","profile_background_image_url":"http:\/\/pbs.twimg.com\/profile_background_images\/558244463982555140\/qMs76M_I.jpeg","profile_background_image_url_https":"https:\/\/pbs.twimg.com\/profile_background_images\/558244463982555140\/qMs76M_I.jpeg","profile_background_tile":false,"profile_image_url":"http:\/\/pbs.twimg.com\/profile_images\/1729590460\/logo9_normal.jpg","profile_image_url_https":"https:\/\/pbs.twimg.com\/profile_images\/1729590460\/logo9_normal.jpg","profile_banner_url":"https:\/\/pbs.twimg.com\/profile_banners\/435115014\/1421930976","profile_link_color":"049BD1","profile_sidebar_border_color":"C0DEED","profile_sidebar_fill_color":"DDEEF6","profile_text_color":"333333","profile_use_background_image":true,"has_extended_profile":false,"default_profile":false,"default_profile_image":false,"following":false,"follow_request_sent":false,"notifications":false},"geo":null,"coordinates":null,"place":null,"contributors":null,"is_quote_status":false,"retweet_count":0,"favorite_count":1,"entities":{"hashtags":[{"text":"WordPress","indices":[42,52]}],"symbols":[],"user_mentions":[],"urls":[{"url":"https:\/\/t.co\/sr6yhdQtNR","expanded_url":"https:\/\/www.8theme.com\/blog\/how-to-show-recent-comments-in-wordpress-sidebar\/","display_url":"8theme.com\/blog\/how-to-sh\u2026","indices":[64,87]}],"media":[{"id":672701838592974848,"id_str":"672701838592974848","indices":[88,111],"media_url":"http:\/\/pbs.twimg.com\/media\/CVXqwhEWIAAOPTC.png","media_url_https":"https:\/\/pbs.twimg.com\/media\/CVXqwhEWIAAOPTC.png","url":"https:\/\/t.co\/DmuH3R5XuQ","display_url":"pic.twitter.com\/DmuH3R5XuQ","expanded_url":"http:\/\/twitter.com\/8theme\/status\/672701839507365888\/photo\/1","type":"photo","sizes":{"thumb":{"w":150,"h":150,"resize":"crop"},"small":{"w":340,"h":154,"resize":"fit"},"large":{"w":769,"h":350,"resize":"fit"},"medium":{"w":600,"h":273,"resize":"fit"}}}]},"extended_entities":{"media":[{"id":672701838592974848,"id_str":"672701838592974848","indices":[88,111],"media_url":"http:\/\/pbs.twimg.com\/media\/CVXqwhEWIAAOPTC.png","media_url_https":"https:\/\/pbs.twimg.com\/media\/CVXqwhEWIAAOPTC.png","url":"https:\/\/t.co\/DmuH3R5XuQ","display_url":"pic.twitter.com\/DmuH3R5XuQ","expanded_url":"http:\/\/twitter.com\/8theme\/status\/672701839507365888\/photo\/1","type":"photo","sizes":{"thumb":{"w":150,"h":150,"resize":"crop"},"small":{"w":340,"h":154,"resize":"fit"},"large":{"w":769,"h":350,"resize":"fit"},"medium":{"w":600,"h":273,"resize":"fit"}}}]},"favorited":true,"retweeted":false,"possibly_sensitive":false,"lang":"en"},{"created_at":"Thu Dec 03 08:48:18 +0000 2015","id":672336544276078592,"id_str":"672336544276078592","text":"CHECK OUT! 5 Best Related Posts Plugins for #WordPress...\nhttps:\/\/t.co\/xOHUK2abDN https:\/\/t.co\/1J4RWHM4wv","source":"<a href=\"http:\/\/twitter.com\" rel=\"nofollow\">Twitter Web Client<\/a>","truncated":false,"in_reply_to_status_id":null,"in_reply_to_status_id_str":null,"in_reply_to_user_id":null,"in_reply_to_user_id_str":null,"in_reply_to_screen_name":null,"user":{"id":435115014,"id_str":"435115014","name":"8theme","screen_name":"8theme","location":"London","description":"Welcome to 8theme. We are a team of designers and developers that create high quality WordPress themes and provide premium support to our products.","url":"http:\/\/t.co\/cjIosHxdUi","entities":{"url":{"urls":[{"url":"http:\/\/t.co\/cjIosHxdUi","expanded_url":"http:\/\/8theme.com","display_url":"8theme.com","indices":[0,22]}]},"description":{"urls":[]}},"protected":false,"followers_count":1582,"friends_count":1986,"listed_count":39,"created_at":"Mon Dec 12 17:56:27 +0000 2011","favourites_count":16860,"utc_offset":0,"time_zone":"London","geo_enabled":false,"verified":false,"statuses_count":334,"lang":"ru","contributors_enabled":false,"is_translator":false,"is_translation_enabled":false,"profile_background_color":"FFFFFF","profile_background_image_url":"http:\/\/pbs.twimg.com\/profile_background_images\/558244463982555140\/qMs76M_I.jpeg","profile_background_image_url_https":"https:\/\/pbs.twimg.com\/profile_background_images\/558244463982555140\/qMs76M_I.jpeg","profile_background_tile":false,"profile_image_url":"http:\/\/pbs.twimg.com\/profile_images\/1729590460\/logo9_normal.jpg","profile_image_url_https":"https:\/\/pbs.twimg.com\/profile_images\/1729590460\/logo9_normal.jpg","profile_banner_url":"https:\/\/pbs.twimg.com\/profile_banners\/435115014\/1421930976","profile_link_color":"049BD1","profile_sidebar_border_color":"C0DEED","profile_sidebar_fill_color":"DDEEF6","profile_text_color":"333333","profile_use_background_image":true,"has_extended_profile":false,"default_profile":false,"default_profile_image":false,"following":false,"follow_request_sent":false,"notifications":false},"geo":null,"coordinates":null,"place":null,"contributors":null,"is_quote_status":false,"retweet_count":0,"favorite_count":1,"entities":{"hashtags":[{"text":"WordPress","indices":[44,54]}],"symbols":[],"user_mentions":[],"urls":[{"url":"https:\/\/t.co\/xOHUK2abDN","expanded_url":"https:\/\/www.8theme.com\/blog\/5-best-related-posts-plugins-for-wordpress\/","display_url":"8theme.com\/blog\/5-best-re\u2026","indices":[58,81]}],"media":[{"id":672336542438973440,"id_str":"672336542438973440","indices":[82,105],"media_url":"http:\/\/pbs.twimg.com\/media\/CVSehe2W4AAsi7-.png","media_url_https":"https:\/\/pbs.twimg.com\/media\/CVSehe2W4AAsi7-.png","url":"https:\/\/t.co\/1J4RWHM4wv","display_url":"pic.twitter.com\/1J4RWHM4wv","expanded_url":"http:\/\/twitter.com\/8theme\/status\/672336544276078592\/photo\/1","type":"photo","sizes":{"thumb":{"w":150,"h":150,"resize":"crop"},"small":{"w":340,"h":154,"resize":"fit"},"large":{"w":769,"h":350,"resize":"fit"},"medium":{"w":600,"h":273,"resize":"fit"}}}]},"extended_entities":{"media":[{"id":672336542438973440,"id_str":"672336542438973440","indices":[82,105],"media_url":"http:\/\/pbs.twimg.com\/media\/CVSehe2W4AAsi7-.png","media_url_https":"https:\/\/pbs.twimg.com\/media\/CVSehe2W4AAsi7-.png","url":"https:\/\/t.co\/1J4RWHM4wv","display_url":"pic.twitter.com\/1J4RWHM4wv","expanded_url":"http:\/\/twitter.com\/8theme\/status\/672336544276078592\/photo\/1","type":"photo","sizes":{"thumb":{"w":150,"h":150,"resize":"crop"},"small":{"w":340,"h":154,"resize":"fit"},"large":{"w":769,"h":350,"resize":"fit"},"medium":{"w":600,"h":273,"resize":"fit"}}}]},"favorited":true,"retweeted":false,"possibly_sensitive":false,"lang":"en"},{"created_at":"Mon Nov 23 07:59:17 +0000 2015","id":668700330943766528,"id_str":"668700330943766528","text":"CHECK OUT! How to Switch from Blogger to #WordPress without Losing Google Rankings...\nhttps:\/\/t.co\/F2xES7w5sP https:\/\/t.co\/0uFo5pB8Fg","source":"<a href=\"http:\/\/twitter.com\" rel=\"nofollow\">Twitter Web Client<\/a>","truncated":false,"in_reply_to_status_id":null,"in_reply_to_status_id_str":null,"in_reply_to_user_id":null,"in_reply_to_user_id_str":null,"in_reply_to_screen_name":null,"user":{"id":435115014,"id_str":"435115014","name":"8theme","screen_name":"8theme","location":"London","description":"Welcome to 8theme. We are a team of designers and developers that create high quality WordPress themes and provide premium support to our products.","url":"http:\/\/t.co\/cjIosHxdUi","entities":{"url":{"urls":[{"url":"http:\/\/t.co\/cjIosHxdUi","expanded_url":"http:\/\/8theme.com","display_url":"8theme.com","indices":[0,22]}]},"description":{"urls":[]}},"protected":false,"followers_count":1582,"friends_count":1986,"listed_count":39,"created_at":"Mon Dec 12 17:56:27 +0000 2011","favourites_count":16860,"utc_offset":0,"time_zone":"London","geo_enabled":false,"verified":false,"statuses_count":334,"lang":"ru","contributors_enabled":false,"is_translator":false,"is_translation_enabled":false,"profile_background_color":"FFFFFF","profile_background_image_url":"http:\/\/pbs.twimg.com\/profile_background_images\/558244463982555140\/qMs76M_I.jpeg","profile_background_image_url_https":"https:\/\/pbs.twimg.com\/profile_background_images\/558244463982555140\/qMs76M_I.jpeg","profile_background_tile":false,"profile_image_url":"http:\/\/pbs.twimg.com\/profile_images\/1729590460\/logo9_normal.jpg","profile_image_url_https":"https:\/\/pbs.twimg.com\/profile_images\/1729590460\/logo9_normal.jpg","profile_banner_url":"https:\/\/pbs.twimg.com\/profile_banners\/435115014\/1421930976","profile_link_color":"049BD1","profile_sidebar_border_color":"C0DEED","profile_sidebar_fill_color":"DDEEF6","profile_text_color":"333333","profile_use_background_image":true,"has_extended_profile":false,"default_profile":false,"default_profile_image":false,"following":false,"follow_request_sent":false,"notifications":false},"geo":null,"coordinates":null,"place":null,"contributors":null,"is_quote_status":false,"retweet_count":0,"favorite_count":2,"entities":{"hashtags":[{"text":"WordPress","indices":[41,51]}],"symbols":[],"user_mentions":[],"urls":[{"url":"https:\/\/t.co\/F2xES7w5sP","expanded_url":"https:\/\/www.8theme.com\/blog\/how-to-switch-from-blogger-to-wordpress-without-losing-google-rankings\/","display_url":"8theme.com\/blog\/how-to-sw\u2026","indices":[86,109]}],"media":[{"id":668700329685286912,"id_str":"668700329685286912","indices":[110,133],"media_url":"http:\/\/pbs.twimg.com\/media\/CUezaCwUAAAZYgW.png","media_url_https":"https:\/\/pbs.twimg.com\/media\/CUezaCwUAAAZYgW.png","url":"https:\/\/t.co\/0uFo5pB8Fg","display_url":"pic.twitter.com\/0uFo5pB8Fg","expanded_url":"http:\/\/twitter.com\/8theme\/status\/668700330943766528\/photo\/1","type":"photo","sizes":{"small":{"w":340,"h":154,"resize":"fit"},"thumb":{"w":150,"h":150,"resize":"crop"},"large":{"w":769,"h":350,"resize":"fit"},"medium":{"w":600,"h":273,"resize":"fit"}}}]},"extended_entities":{"media":[{"id":668700329685286912,"id_str":"668700329685286912","indices":[110,133],"media_url":"http:\/\/pbs.twimg.com\/media\/CUezaCwUAAAZYgW.png","media_url_https":"https:\/\/pbs.twimg.com\/media\/CUezaCwUAAAZYgW.png","url":"https:\/\/t.co\/0uFo5pB8Fg","display_url":"pic.twitter.com\/0uFo5pB8Fg","expanded_url":"http:\/\/twitter.com\/8theme\/status\/668700330943766528\/photo\/1","type":"photo","sizes":{"small":{"w":340,"h":154,"resize":"fit"},"thumb":{"w":150,"h":150,"resize":"crop"},"large":{"w":769,"h":350,"resize":"fit"},"medium":{"w":600,"h":273,"resize":"fit"}}}]},"favorited":true,"retweeted":false,"possibly_sensitive":false,"lang":"en"}]